{"put salmon in the fridge": {"PSR": 0.0, "SR": 0, "Precision": 0.9857142857142858, "Exec": 0.6}, "overall": {"PSR": 0.0, "SR": 0.0, "Precision": 0.9857142857142858, "Exec": 0.6}}