{"put salmon in the fridge": {"PSR": 0.0, "SR": 0, "Precision": 0.9951573849878934, "Exec": 0.7142857142857143}, "overall": {"PSR": 0.0, "SR": 0.0, "Precision": 0.9951573849878934, "Exec": 0.7142857142857143}}