{"make toast": {"PSR": 0.14814814814814814, "SR": 0, "Precision": 0.9389140271493213, "Exec": 0.75}, "overall": {"PSR": 0.14814814814814814, "SR": 0.0, "Precision": 0.9389140271493213, "Exec": 0.75}}