{"put salmon in the fridge": {"PSR": 0.0, "SR": 0, "Precision": 0.9951690821256038, "Exec": 0.9}, "overall": {"PSR": 0.0, "SR": 0.0, "Precision": 0.9951690821256038, "Exec": 0.9}}