{"make toast": {"PSR": 0.16000000000000003, "SR": 0, "Precision": 0.9346846846846847, "Exec": 0.75}, "overall": {"PSR": 0.16000000000000003, "SR": 0.0, "Precision": 0.9346846846846847, "Exec": 0.75}}