{"bring coffeepot and cupcake to the coffee table": {"PSR": 0.0, "SR": 0, "Precision": 0.9904076738609112, "Exec": 0.7142857142857143}, "overall": {"PSR": 0.0, "SR": 0.0, "Precision": 0.9904076738609112, "Exec": 0.7142857142857143}}