{"microwave salmon": {"PSR": 0.0, "SR": 0, "Precision": 0.9857482185273159, "Exec": 0.8666666666666667}, "overall": {"PSR": 0.0, "SR": 0.0, "Precision": 0.9857482185273159, "Exec": 0.8666666666666667}}