{"wash the plate": {"PSR": 0.0, "SR": 0, "Precision": 0.9951219512195122, "Exec": 1.0}, "overall": {"PSR": 0.0, "SR": 0.0, "Precision": 0.9951219512195122, "Exec": 1.0}}