{"brush teeth": {"PSR": 0.16666666666666663, "SR": 0, "Precision": 0.9951573849878934, "Exec": 0.7647058823529411}, "overall": {"PSR": 0.16666666666666663, "SR": 0.0, "Precision": 0.9951573849878934, "Exec": 0.7647058823529411}}