{"throw away apple": {"PSR": 0.0, "SR": 0, "Precision": 0.9951807228915662, "Exec": 1.0}, "overall": {"PSR": 0.0, "SR": 0.0, "Precision": 0.9951807228915662, "Exec": 1.0}}