{"watch tv": {"PSR": 0.625, "SR": 0, "Precision": 1.0, "Exec": 0.8888888888888888}, "overall": {"PSR": 0.625, "SR": 0.0, "Precision": 1.0, "Exec": 0.8888888888888888}}