{"brush teeth": {"PSR": 0.18181818181818177, "SR": 0, "Precision": 0.9951690821256038, "Exec": 0.8235294117647058}, "overall": {"PSR": 0.18181818181818177, "SR": 0.0, "Precision": 0.9951690821256038, "Exec": 0.8235294117647058}}