{"turn off light": {"PSR": 0.0, "SR": 0, "Precision": 0.9928057553956835, "Exec": 0.6666666666666666}, "overall": {"PSR": 0.0, "SR": 0.0, "Precision": 0.9928057553956835, "Exec": 0.6666666666666666}}