{"Bring the chips to the sofa": {"PSR": 0.16666666666666663, "SR": 0, "Precision": 1.0, "Exec": 0.9090909090909091}, "put salmon in the fridge": {"PSR": 0.0, "SR": 0, "Precision": 0.9951690821256038, "Exec": 0.9090909090909091}, "wash the plate": {"PSR": 0.2727272727272727, "SR": 0, "Precision": 0.9927184466019418, "Exec": 0.9090909090909091}, "bring coffeepot and cupcake to the coffee table": {"PSR": 0.0, "SR": 0, "Precision": 0.9856801909307876, "Exec": 0.9090909090909091}, "microwave salmon": {"PSR": 0.0, "SR": 0, "Precision": 0.9904988123515439, "Exec": 0.9090909090909091}, "watch tv": {"PSR": 0.625, "SR": 0, "Precision": 1.0, "Exec": 0.9090909090909091}, "overall": {"PSR": 0.17739898989898992, "SR": 0.0, "Precision": 0.9940023990403839, "Exec": 0.7933242683242683}}