{"put salmon in the fridge": {"PSR": 0.0, "SR": 0, "Precision": 0.9951923076923077, "Exec": 1.0}, "overall": {"PSR": 0.0, "SR": 0.0, "Precision": 0.9951923076923077, "Exec": 1.0}}